-- USERS MODULE

insert into LIBRARY_USERS values ('2c65ebf7-964a-47c2-8807-a871489ea000','nickname000');
insert into LIBRARY_USERS values ('2c65ebf7-964a-47c2-8807-a871489ea001','nicknama001');
insert into LIBRARY_USERS values ('2c65ebf7-964a-47c2-8807-a871489ea002','nickname002');
insert into LIBRARY_USERS values ('2c65ebf7-964a-47c2-8807-a871489ea003','nicknama003');
insert into LIBRARY_USERS values ('2c65ebf7-964a-47c2-8807-a871489ea004','nickname004');
insert into LIBRARY_USERS values ('2c65ebf7-964a-47c2-8807-a871489ea005','nicknama005');
insert into LIBRARY_USERS values ('2c65ebf7-964a-47c2-8807-a871489ea006','nickname006');
insert into LIBRARY_USERS values ('2c65ebf7-964a-47c2-8807-a871489ea007','nicknama007');
insert into LIBRARY_USERS values ('2c65ebf7-964a-47c2-8807-a871489ea008','nickname008');
insert into LIBRARY_USERS values ('2c65ebf7-964a-47c2-8807-a871489ea009','nicknama009');
insert into LIBRARY_USERS values ('2c65ebf7-964a-47c2-8807-a871489ea010','nickname010');
insert into LIBRARY_USERS values ('2c65ebf7-964a-47c2-8807-a871489ea011','nicknama011');
insert into LIBRARY_USERS values ('2c65ebf7-964a-47c2-8807-a871489ea012','nickname012');
insert into LIBRARY_USERS values ('2c65ebf7-964a-47c2-8807-a871489ea013','nicknama013');
insert into LIBRARY_USERS values ('2c65ebf7-964a-47c2-8807-a871489ea014','nickname014');
insert into LIBRARY_USERS values ('2c65ebf7-964a-47c2-8807-a871489ea015','nicknama015');
insert into LIBRARY_USERS values ('2c65ebf7-964a-47c2-8807-a871489ea016','nickname016');
insert into LIBRARY_USERS values ('2c65ebf7-964a-47c2-8807-a871489ea017','nicknama017');
insert into LIBRARY_USERS values ('2c65ebf7-964a-47c2-8807-a871489ea018','nickname018');
insert into LIBRARY_USERS values ('2c65ebf7-964a-47c2-8807-a871489ea019','nicknama019');
insert into LIBRARY_USERS values ('2c65ebf7-964a-47c2-8807-a871489ea020','nickname020');
insert into LIBRARY_USERS values ('2c65ebf7-964a-47c2-8807-a871489ea021','nicknama021');
insert into LIBRARY_USERS values ('2c65ebf7-964a-47c2-8807-a871489ea022','nickname022');
insert into LIBRARY_USERS values ('2c65ebf7-964a-47c2-8807-a871489ea023','nicknama023');
insert into LIBRARY_USERS values ('2c65ebf7-964a-47c2-8807-a871489ea024','nickname024');
insert into LIBRARY_USERS values ('2c65ebf7-964a-47c2-8807-a871489ea025','nicknama025');
insert into LIBRARY_USERS values ('2c65ebf7-964a-47c2-8807-a871489ea026','nickname026');
insert into LIBRARY_USERS values ('2c65ebf7-964a-47c2-8807-a871489ea027','nicknama027');
insert into LIBRARY_USERS values ('2c65ebf7-964a-47c2-8807-a871489ea028','nickname028');
insert into LIBRARY_USERS values ('2c65ebf7-964a-47c2-8807-a871489ea029','nicknama029');
insert into LIBRARY_USERS values ('2c65ebf7-964a-47c2-8807-a871489ea030','nickname030');
insert into LIBRARY_USERS values ('2c65ebf7-964a-47c2-8807-a871489ea031','nicknama031');
insert into LIBRARY_USERS values ('2c65ebf7-964a-47c2-8807-a871489ea032','nickname032');
insert into LIBRARY_USERS values ('2c65ebf7-964a-47c2-8807-a871489ea033','nicknama033');
insert into LIBRARY_USERS values ('2c65ebf7-964a-47c2-8807-a871489ea034','nickname034');
insert into LIBRARY_USERS values ('2c65ebf7-964a-47c2-8807-a871489ea035','nicknama035');
insert into LIBRARY_USERS values ('2c65ebf7-964a-47c2-8807-a871489ea036','nickname036');
insert into LIBRARY_USERS values ('2c65ebf7-964a-47c2-8807-a871489ea037','nicknama037');
insert into LIBRARY_USERS values ('2c65ebf7-964a-47c2-8807-a871489ea038','nickname038');
insert into LIBRARY_USERS values ('2c65ebf7-964a-47c2-8807-a871489ea039','nicknama039');

-- STOCK MODULE

insert into LIBRARY_STOCK (BOOK_ID,TITLE,COUNT) values ('id-000','',0);
insert into LIBRARY_STOCK (BOOK_ID,TITLE,COUNT) values ('it-001','',1);
insert into LIBRARY_STOCK (BOOK_ID,TITLE,COUNT) values ('id-002','',2);
insert into LIBRARY_STOCK (BOOK_ID,TITLE,COUNT) values ('it-003','',3);
insert into LIBRARY_STOCK (BOOK_ID,TITLE,COUNT) values ('id-004','',4);
insert into LIBRARY_STOCK (BOOK_ID,TITLE,COUNT) values ('it-005','',5);
insert into LIBRARY_STOCK (BOOK_ID,TITLE,COUNT) values ('id-006','',6);
insert into LIBRARY_STOCK (BOOK_ID,TITLE,COUNT) values ('it-007','',7);
insert into LIBRARY_STOCK (BOOK_ID,TITLE,COUNT) values ('id-008','',8);
insert into LIBRARY_STOCK (BOOK_ID,TITLE,COUNT) values ('it-009','',9);
insert into LIBRARY_STOCK (BOOK_ID,TITLE,COUNT) values ('id-010','',10);
insert into LIBRARY_STOCK (BOOK_ID,TITLE,COUNT) values ('it-011','',11);
insert into LIBRARY_STOCK (BOOK_ID,TITLE,COUNT) values ('id-012','',12);
insert into LIBRARY_STOCK (BOOK_ID,TITLE,COUNT) values ('it-013','',13);
insert into LIBRARY_STOCK (BOOK_ID,TITLE,COUNT) values ('id-014','',14);
insert into LIBRARY_STOCK (BOOK_ID,TITLE,COUNT) values ('it-015','',15);
insert into LIBRARY_STOCK (BOOK_ID,TITLE,COUNT) values ('id-016','',16);
insert into LIBRARY_STOCK (BOOK_ID,TITLE,COUNT) values ('it-017','',17);
insert into LIBRARY_STOCK (BOOK_ID,TITLE,COUNT) values ('id-018','',18);
insert into LIBRARY_STOCK (BOOK_ID,TITLE,COUNT) values ('it-019','',19);
insert into LIBRARY_STOCK (BOOK_ID,TITLE,COUNT) values ('id-020','',20);
insert into LIBRARY_STOCK (BOOK_ID,TITLE,COUNT) values ('it-021','',21);
insert into LIBRARY_STOCK (BOOK_ID,TITLE,COUNT) values ('id-022','',22);
insert into LIBRARY_STOCK (BOOK_ID,TITLE,COUNT) values ('it-023','',23);
insert into LIBRARY_STOCK (BOOK_ID,TITLE,COUNT) values ('id-024','',24);
insert into LIBRARY_STOCK (BOOK_ID,TITLE,COUNT) values ('it-025','',25);
insert into LIBRARY_STOCK (BOOK_ID,TITLE,COUNT) values ('id-026','',26);
insert into LIBRARY_STOCK (BOOK_ID,TITLE,COUNT) values ('it-027','',27);
insert into LIBRARY_STOCK (BOOK_ID,TITLE,COUNT) values ('id-028','',28);
insert into LIBRARY_STOCK (BOOK_ID,TITLE,COUNT) values ('it-029','',29);
insert into LIBRARY_STOCK (BOOK_ID,TITLE,COUNT) values ('id-030','',30);
insert into LIBRARY_STOCK (BOOK_ID,TITLE,COUNT) values ('it-031','',31);
insert into LIBRARY_STOCK (BOOK_ID,TITLE,COUNT) values ('id-032','',32);
insert into LIBRARY_STOCK (BOOK_ID,TITLE,COUNT) values ('it-033','',33);
insert into LIBRARY_STOCK (BOOK_ID,TITLE,COUNT) values ('id-034','',34);
insert into LIBRARY_STOCK (BOOK_ID,TITLE,COUNT) values ('it-035','',35);
insert into LIBRARY_STOCK (BOOK_ID,TITLE,COUNT) values ('id-036','',36);
insert into LIBRARY_STOCK (BOOK_ID,TITLE,COUNT) values ('it-037','',37);
insert into LIBRARY_STOCK (BOOK_ID,TITLE,COUNT) values ('id-038','',38);
insert into LIBRARY_STOCK (BOOK_ID,TITLE,COUNT) values ('it-039','',39);

-- RENTING MODULE

insert into LIBRARY_RENT_USERS values ('2c65ebf7-964a-47c2-8807-a871489ea000','nickname000');
insert into LIBRARY_RENT_USERS values ('2c65ebf7-964a-47c2-8807-a871489ea001','nicknama001');
insert into LIBRARY_RENT_USERS values ('2c65ebf7-964a-47c2-8807-a871489ea002','nickname002');
insert into LIBRARY_RENT_USERS values ('2c65ebf7-964a-47c2-8807-a871489ea003','nicknama003');
insert into LIBRARY_RENT_USERS values ('2c65ebf7-964a-47c2-8807-a871489ea004','nickname004');
insert into LIBRARY_RENT_USERS values ('2c65ebf7-964a-47c2-8807-a871489ea005','nicknama005');
insert into LIBRARY_RENT_USERS values ('2c65ebf7-964a-47c2-8807-a871489ea006','nickname006');
insert into LIBRARY_RENT_USERS values ('2c65ebf7-964a-47c2-8807-a871489ea007','nicknama007');
insert into LIBRARY_RENT_USERS values ('2c65ebf7-964a-47c2-8807-a871489ea008','nickname008');
insert into LIBRARY_RENT_USERS values ('2c65ebf7-964a-47c2-8807-a871489ea009','nicknama009');
insert into LIBRARY_RENT_USERS values ('2c65ebf7-964a-47c2-8807-a871489ea010','nickname010');
insert into LIBRARY_RENT_USERS values ('2c65ebf7-964a-47c2-8807-a871489ea011','nicknama011');
insert into LIBRARY_RENT_USERS values ('2c65ebf7-964a-47c2-8807-a871489ea012','nickname012');
insert into LIBRARY_RENT_USERS values ('2c65ebf7-964a-47c2-8807-a871489ea013','nicknama013');
insert into LIBRARY_RENT_USERS values ('2c65ebf7-964a-47c2-8807-a871489ea014','nickname014');
insert into LIBRARY_RENT_USERS values ('2c65ebf7-964a-47c2-8807-a871489ea015','nicknama015');
insert into LIBRARY_RENT_USERS values ('2c65ebf7-964a-47c2-8807-a871489ea016','nickname016');
insert into LIBRARY_RENT_USERS values ('2c65ebf7-964a-47c2-8807-a871489ea017','nicknama017');
insert into LIBRARY_RENT_USERS values ('2c65ebf7-964a-47c2-8807-a871489ea018','nickname018');
insert into LIBRARY_RENT_USERS values ('2c65ebf7-964a-47c2-8807-a871489ea019','nicknama019');
insert into LIBRARY_RENT_USERS values ('2c65ebf7-964a-47c2-8807-a871489ea020','nickname020');
insert into LIBRARY_RENT_USERS values ('2c65ebf7-964a-47c2-8807-a871489ea021','nicknama021');
insert into LIBRARY_RENT_USERS values ('2c65ebf7-964a-47c2-8807-a871489ea022','nickname022');
insert into LIBRARY_RENT_USERS values ('2c65ebf7-964a-47c2-8807-a871489ea023','nicknama023');
insert into LIBRARY_RENT_USERS values ('2c65ebf7-964a-47c2-8807-a871489ea024','nickname024');
insert into LIBRARY_RENT_USERS values ('2c65ebf7-964a-47c2-8807-a871489ea025','nicknama025');
insert into LIBRARY_RENT_USERS values ('2c65ebf7-964a-47c2-8807-a871489ea026','nickname026');
insert into LIBRARY_RENT_USERS values ('2c65ebf7-964a-47c2-8807-a871489ea027','nicknama027');
insert into LIBRARY_RENT_USERS values ('2c65ebf7-964a-47c2-8807-a871489ea028','nickname028');
insert into LIBRARY_RENT_USERS values ('2c65ebf7-964a-47c2-8807-a871489ea029','nicknama029');
insert into LIBRARY_RENT_USERS values ('2c65ebf7-964a-47c2-8807-a871489ea030','nickname030');
insert into LIBRARY_RENT_USERS values ('2c65ebf7-964a-47c2-8807-a871489ea031','nicknama031');
insert into LIBRARY_RENT_USERS values ('2c65ebf7-964a-47c2-8807-a871489ea032','nickname032');
insert into LIBRARY_RENT_USERS values ('2c65ebf7-964a-47c2-8807-a871489ea033','nicknama033');
insert into LIBRARY_RENT_USERS values ('2c65ebf7-964a-47c2-8807-a871489ea034','nickname034');
insert into LIBRARY_RENT_USERS values ('2c65ebf7-964a-47c2-8807-a871489ea035','nicknama035');
insert into LIBRARY_RENT_USERS values ('2c65ebf7-964a-47c2-8807-a871489ea036','nickname036');
insert into LIBRARY_RENT_USERS values ('2c65ebf7-964a-47c2-8807-a871489ea037','nicknama037');
insert into LIBRARY_RENT_USERS values ('2c65ebf7-964a-47c2-8807-a871489ea038','nickname038');
--insert into LIBRARY_RENT_USERS values ('2c65ebf7-964a-47c2-8807-a871489ea039','nicknama039');

insert into LIBRARY_RENT_BOOKS (BOOK_ID,TITLE) values ('id-000','');
insert into LIBRARY_RENT_BOOKS (BOOK_ID,TITLE) values ('it-001','');
insert into LIBRARY_RENT_BOOKS (BOOK_ID,TITLE) values ('id-002','');
insert into LIBRARY_RENT_BOOKS (BOOK_ID,TITLE) values ('it-003','');
insert into LIBRARY_RENT_BOOKS (BOOK_ID,TITLE) values ('id-004','');
insert into LIBRARY_RENT_BOOKS (BOOK_ID,TITLE) values ('it-005','');
insert into LIBRARY_RENT_BOOKS (BOOK_ID,TITLE) values ('id-006','');
insert into LIBRARY_RENT_BOOKS (BOOK_ID,TITLE) values ('it-007','');
insert into LIBRARY_RENT_BOOKS (BOOK_ID,TITLE) values ('id-008','');
insert into LIBRARY_RENT_BOOKS (BOOK_ID,TITLE) values ('it-009','');
insert into LIBRARY_RENT_BOOKS (BOOK_ID,TITLE) values ('id-010','');
insert into LIBRARY_RENT_BOOKS (BOOK_ID,TITLE) values ('it-011','');
insert into LIBRARY_RENT_BOOKS (BOOK_ID,TITLE) values ('id-012','');
insert into LIBRARY_RENT_BOOKS (BOOK_ID,TITLE) values ('it-013','');
insert into LIBRARY_RENT_BOOKS (BOOK_ID,TITLE) values ('id-014','');
insert into LIBRARY_RENT_BOOKS (BOOK_ID,TITLE) values ('it-015','');
insert into LIBRARY_RENT_BOOKS (BOOK_ID,TITLE) values ('id-016','');
insert into LIBRARY_RENT_BOOKS (BOOK_ID,TITLE) values ('it-017','');
insert into LIBRARY_RENT_BOOKS (BOOK_ID,TITLE) values ('id-018','');
insert into LIBRARY_RENT_BOOKS (BOOK_ID,TITLE) values ('it-019','');
insert into LIBRARY_RENT_BOOKS (BOOK_ID,TITLE) values ('id-020','');
insert into LIBRARY_RENT_BOOKS (BOOK_ID,TITLE) values ('it-021','');
insert into LIBRARY_RENT_BOOKS (BOOK_ID,TITLE) values ('id-022','');
insert into LIBRARY_RENT_BOOKS (BOOK_ID,TITLE) values ('it-023','');
insert into LIBRARY_RENT_BOOKS (BOOK_ID,TITLE) values ('id-024','');
insert into LIBRARY_RENT_BOOKS (BOOK_ID,TITLE) values ('it-025','');
insert into LIBRARY_RENT_BOOKS (BOOK_ID,TITLE) values ('id-026','');
insert into LIBRARY_RENT_BOOKS (BOOK_ID,TITLE) values ('it-027','');
insert into LIBRARY_RENT_BOOKS (BOOK_ID,TITLE) values ('id-028','');
insert into LIBRARY_RENT_BOOKS (BOOK_ID,TITLE) values ('it-029','');
insert into LIBRARY_RENT_BOOKS (BOOK_ID,TITLE) values ('id-030','');
insert into LIBRARY_RENT_BOOKS (BOOK_ID,TITLE) values ('it-031','');
insert into LIBRARY_RENT_BOOKS (BOOK_ID,TITLE) values ('id-032','');
insert into LIBRARY_RENT_BOOKS (BOOK_ID,TITLE) values ('it-033','');
insert into LIBRARY_RENT_BOOKS (BOOK_ID,TITLE) values ('id-034','');
insert into LIBRARY_RENT_BOOKS (BOOK_ID,TITLE) values ('it-035','');
insert into LIBRARY_RENT_BOOKS (BOOK_ID,TITLE) values ('id-036','');
insert into LIBRARY_RENT_BOOKS (BOOK_ID,TITLE) values ('it-037','');
insert into LIBRARY_RENT_BOOKS (BOOK_ID,TITLE) values ('id-038','');
insert into LIBRARY_RENT_BOOKS (BOOK_ID,TITLE) values ('it-039','');

insert into LIBRARY_RENT (BOOK_BOOK_ID, USER_USER_ID, COUNT) values ('id-000','2c65ebf7-964a-47c2-8807-a871489ea000',1);
insert into LIBRARY_RENT (BOOK_BOOK_ID, USER_USER_ID, COUNT) values ('it-001','2c65ebf7-964a-47c2-8807-a871489ea001',1);
insert into LIBRARY_RENT (BOOK_BOOK_ID, USER_USER_ID, COUNT) values ('id-002','2c65ebf7-964a-47c2-8807-a871489ea002',1);
insert into LIBRARY_RENT (BOOK_BOOK_ID, USER_USER_ID, COUNT) values ('it-003','2c65ebf7-964a-47c2-8807-a871489ea003',1);
insert into LIBRARY_RENT (BOOK_BOOK_ID, USER_USER_ID, COUNT) values ('id-004','2c65ebf7-964a-47c2-8807-a871489ea004',1);
insert into LIBRARY_RENT (BOOK_BOOK_ID, USER_USER_ID, COUNT) values ('it-005','2c65ebf7-964a-47c2-8807-a871489ea005',1);
insert into LIBRARY_RENT (BOOK_BOOK_ID, USER_USER_ID, COUNT) values ('id-006','2c65ebf7-964a-47c2-8807-a871489ea006',1);
insert into LIBRARY_RENT (BOOK_BOOK_ID, USER_USER_ID, COUNT) values ('it-007','2c65ebf7-964a-47c2-8807-a871489ea007',1);
insert into LIBRARY_RENT (BOOK_BOOK_ID, USER_USER_ID, COUNT) values ('id-008','2c65ebf7-964a-47c2-8807-a871489ea008',1);
insert into LIBRARY_RENT (BOOK_BOOK_ID, USER_USER_ID, COUNT) values ('it-009','2c65ebf7-964a-47c2-8807-a871489ea009',1);
insert into LIBRARY_RENT (BOOK_BOOK_ID, USER_USER_ID, COUNT) values ('id-010','2c65ebf7-964a-47c2-8807-a871489ea010',1);
insert into LIBRARY_RENT (BOOK_BOOK_ID, USER_USER_ID, COUNT) values ('it-011','2c65ebf7-964a-47c2-8807-a871489ea011',1);
insert into LIBRARY_RENT (BOOK_BOOK_ID, USER_USER_ID, COUNT) values ('id-012','2c65ebf7-964a-47c2-8807-a871489ea012',1);
insert into LIBRARY_RENT (BOOK_BOOK_ID, USER_USER_ID, COUNT) values ('it-013','2c65ebf7-964a-47c2-8807-a871489ea013',1);
insert into LIBRARY_RENT (BOOK_BOOK_ID, USER_USER_ID, COUNT) values ('id-014','2c65ebf7-964a-47c2-8807-a871489ea014',1);
insert into LIBRARY_RENT (BOOK_BOOK_ID, USER_USER_ID, COUNT) values ('it-015','2c65ebf7-964a-47c2-8807-a871489ea015',1);
insert into LIBRARY_RENT (BOOK_BOOK_ID, USER_USER_ID, COUNT) values ('id-016','2c65ebf7-964a-47c2-8807-a871489ea016',1);
insert into LIBRARY_RENT (BOOK_BOOK_ID, USER_USER_ID, COUNT) values ('it-017','2c65ebf7-964a-47c2-8807-a871489ea017',1);
insert into LIBRARY_RENT (BOOK_BOOK_ID, USER_USER_ID, COUNT) values ('id-018','2c65ebf7-964a-47c2-8807-a871489ea018',1);
insert into LIBRARY_RENT (BOOK_BOOK_ID, USER_USER_ID, COUNT) values ('it-019','2c65ebf7-964a-47c2-8807-a871489ea019',1);
insert into LIBRARY_RENT (BOOK_BOOK_ID, USER_USER_ID, COUNT) values ('id-020','2c65ebf7-964a-47c2-8807-a871489ea020',1);
insert into LIBRARY_RENT (BOOK_BOOK_ID, USER_USER_ID, COUNT) values ('it-021','2c65ebf7-964a-47c2-8807-a871489ea021',1);
insert into LIBRARY_RENT (BOOK_BOOK_ID, USER_USER_ID, COUNT) values ('id-022','2c65ebf7-964a-47c2-8807-a871489ea022',1);
insert into LIBRARY_RENT (BOOK_BOOK_ID, USER_USER_ID, COUNT) values ('it-023','2c65ebf7-964a-47c2-8807-a871489ea023',1);
insert into LIBRARY_RENT (BOOK_BOOK_ID, USER_USER_ID, COUNT) values ('id-024','2c65ebf7-964a-47c2-8807-a871489ea024',1);
insert into LIBRARY_RENT (BOOK_BOOK_ID, USER_USER_ID, COUNT) values ('it-025','2c65ebf7-964a-47c2-8807-a871489ea025',1);
insert into LIBRARY_RENT (BOOK_BOOK_ID, USER_USER_ID, COUNT) values ('id-026','2c65ebf7-964a-47c2-8807-a871489ea026',1);
insert into LIBRARY_RENT (BOOK_BOOK_ID, USER_USER_ID, COUNT) values ('it-027','2c65ebf7-964a-47c2-8807-a871489ea027',1);
insert into LIBRARY_RENT (BOOK_BOOK_ID, USER_USER_ID, COUNT) values ('id-028','2c65ebf7-964a-47c2-8807-a871489ea028',1);
insert into LIBRARY_RENT (BOOK_BOOK_ID, USER_USER_ID, COUNT) values ('it-029','2c65ebf7-964a-47c2-8807-a871489ea029',1);
insert into LIBRARY_RENT (BOOK_BOOK_ID, USER_USER_ID, COUNT) values ('id-030','2c65ebf7-964a-47c2-8807-a871489ea030',1);
insert into LIBRARY_RENT (BOOK_BOOK_ID, USER_USER_ID, COUNT) values ('it-031','2c65ebf7-964a-47c2-8807-a871489ea031',1);
insert into LIBRARY_RENT (BOOK_BOOK_ID, USER_USER_ID, COUNT) values ('id-032','2c65ebf7-964a-47c2-8807-a871489ea032',1);
insert into LIBRARY_RENT (BOOK_BOOK_ID, USER_USER_ID, COUNT) values ('it-033','2c65ebf7-964a-47c2-8807-a871489ea033',1);
insert into LIBRARY_RENT (BOOK_BOOK_ID, USER_USER_ID, COUNT) values ('id-034','2c65ebf7-964a-47c2-8807-a871489ea034',1);
insert into LIBRARY_RENT (BOOK_BOOK_ID, USER_USER_ID, COUNT) values ('it-035','2c65ebf7-964a-47c2-8807-a871489ea035',1);
insert into LIBRARY_RENT (BOOK_BOOK_ID, USER_USER_ID, COUNT) values ('id-036','2c65ebf7-964a-47c2-8807-a871489ea036',1);
insert into LIBRARY_RENT (BOOK_BOOK_ID, USER_USER_ID, COUNT) values ('it-037','2c65ebf7-964a-47c2-8807-a871489ea037',1);
insert into LIBRARY_RENT (BOOK_BOOK_ID, USER_USER_ID, COUNT) values ('id-038','2c65ebf7-964a-47c2-8807-a871489ea038',1);
insert into LIBRARY_RENT (BOOK_BOOK_ID, USER_USER_ID, COUNT) values ('it-039','2c65ebf7-964a-47c2-8807-a871489ea038',1);
